<?xml version="1.0" encoding="utf-8"?>

<extension type="component" version="1.6" method="upgrade">
	<name>sh404SEF</name>
	<author><![CDATA[ Yannick Gaultier]]></author>
	<creationDate>2012-06-14</creationDate>
	<copyright>2010 - Yannick Gaultier - Anything Digital</copyright>
	<license>http://www.gnu.org/copyleft/gpl.html GNU/GPL</license>
	<authorEmail>admin@anything-digital.com</authorEmail>
	<authorUrl>anything-digital.com</authorUrl>
	<version>3.5.0.1295</version>
	<description>okjoomla.com</description>
	
	<scriptfile>installation.script.php</scriptfile>
	
	<install> <!-- Runs on install -->
    <sql>
      <file driver="mysql" charset="utf8">install.mysql.utf8.sql</file>
    </sql>
  </install>
  
	<files folder="site">
		<filename>index.html</filename>
		<filename>sh404sef.php</filename>
		<filename>sef_ext.php</filename>
		<filename>sample-404-Not-Found.tpl.html</filename>
		<filename>shCache.php</filename>
		<filename>shPageRewrite.php</filename>
		<filename>shSec.php</filename>

		<filename>cache/index.html</filename>
		<filename>images/external-black.png</filename>
		<filename>images/external-white.png</filename>
		<filename>sef_ext/com_banners.php</filename>
		<filename>sef_ext/com_community.php</filename>
		<filename>sef_ext/com_comprofiler.php</filename>
		<filename>sef_ext/com_contact.php</filename>
		<filename>sef_ext/com_content.php</filename>
		<filename>sef_ext/com_hotproperty.php</filename>
		<filename>sef_ext/com_kunena.php</filename>
		<filename>sef_ext/com_letterman.php</filename>
		<filename>sef_ext/com_login.php</filename>
		<filename>sef_ext/com_magazine.php</filename>
		<filename>sef_ext/com_mtree.php</filename>
		<filename>sef_ext/com_myblog.php</filename>
		<filename>sef_ext/com_newsfeeds.php</filename>
		<filename>sef_ext/com_news_portal.php</filename>
		<filename>sef_ext/com_registration.php</filename>
		<filename>sef_ext/com_search.php</filename>
		<filename>sef_ext/com_users.php</filename>
		<filename>sef_ext/com_weblinks.php</filename>
		<filename>sef_ext/com_wrapper.php</filename>
		<filename>sef_ext/sample_com_plugin.php</filename>
		<filename>meta_ext/com_content.php</filename>
	</files>
	<media destination="com_sh404sef" folder="media">
    <folder>pinterest</folder>
    <filename>index.html</filename>
  </media>
	<administration>
		<menu img="components/com_sh404sef/assets/images/menu-icon-sh404sef.png">COM_SH404SEF</menu>
		<submenu>
			<menu link="option=com_sh404sef&amp;c=default">COM_SH404SEF_CONTROL_PANEL</menu>
			<menu	link="option=com_sh404sef&amp;c=urls&amp;layout=default&amp;view=urls">COM_SH404SEF_URL_MANAGER</menu>
			<menu	link="option=com_sh404sef&amp;c=aliases&amp;layout=default&amp;view=aliases">COM_SH404SEF_ALIASES_MANAGER</menu>
			<menu	link="option=com_sh404sef&amp;c=pageids&amp;layout=default&amp;view=pageids">COM_SH404SEF_PAGEID_MANAGER</menu>
			<menu	link="option=com_sh404sef&amp;c=urls&amp;layout=view404&amp;view=urls">COM_SH404SEF_404_REQ_MANAGER</menu>
			<menu	link="option=com_sh404sef&amp;c=metas&amp;layout=default&amp;view=metas">COM_SH404SEF_TITLE_METAS_MANAGER</menu>
			<menu	link="option=com_sh404sef&amp;c=analytics&amp;layout=default&amp;view=analytics">COM_SH404SEF_ANALYTICS_MANAGER</menu>
			<menu	link="option=com_sh404sef&amp;layout=info&amp;view=default&amp;task=info">COM_SH404SEF_DOCUMENTATION</menu>
		</submenu>
		<files folder="admin">
		  <filename>access.xml</filename>
			<filename>admin.sh404sef.php</filename>
			<filename>changelog.log</filename>
			<filename>defines.php</filename>
			<filename>index.html</filename>
			<filename>install.mysql.utf8.sql</filename>
			<filename>pagination.php</filename>
			<filename>shSEFConfig.class.php</filename>
			<filename>sh_Net_URL.class.php</filename>
			<filename>sh404sef.class.php</filename>
			<filename>sh404SEFMeta.class.php</filename>
			<filename>shMosSEF.class.php</filename>
			<filename>shSimpleLogger.class.php</filename>

			<filename>config/config.sef.php</filename>
			<filename>config/index.html</filename>
			<filename>language/en.readme.php</filename>
			<filename>language/en.postinstall.php</filename>
			<filename>language/fr.readme.php</filename>
			<filename>language/fr.postinstall.php</filename>
			<filename>language/index.html</filename>
			<filename>language/plugins/com_chronocontact.php</filename>
			<filename>language/plugins/com_comprofiler.php</filename>
			<filename>language/plugins/com_content.php</filename>
			<filename>language/plugins/com_docman.php</filename>
			<filename>language/plugins/com_kunena.php</filename>
			<filename>language/plugins/com_hotproperty.php</filename>
			<filename>language/plugins/com_letterman.php</filename>
			<filename>language/plugins/com_magazine.php</filename>
			<filename>language/plugins/com_mtree.php</filename>
			<filename>language/plugins/com_myblog.php</filename>
			<filename>language/plugins/com_newsfeeds.php</filename>
			<filename>language/plugins/com_poll.php</filename>
			<filename>language/plugins/com_rd_rss.php</filename>
			<filename>language/plugins/com_registration.php</filename>
			<filename>language/plugins/com_remository.php</filename>
			<filename>language/plugins/com_rsgallery2.php</filename>
			<filename>language/plugins/com_search.php</filename>
			<filename>language/plugins/com_sobi2.php</filename>
			<filename>language/plugins/com_users.php</filename>
			<filename>language/plugins/com_virtuemart.php</filename>
			<filename>language/plugins/com_weblinks.php</filename>
			<filename>language/plugins/index.html</filename>

			<filename>logs/index.html</filename>
			<filename>security/index.html</filename>
			<filename>security/sh404SEF_IP_black_list.dat</filename>
			<filename>security/sh404SEF_IP_white_list.dat</filename>
			<filename>security/sh404SEF_uAgent_black_list.dat</filename>
			<filename>security/sh404SEF_uAgent_white_list.dat</filename>
			<filename>images/config.png</filename>
			<filename>images/cut-logs.png</filename>
			<filename>images/cut-redirect.png</filename>
			<filename>images/cut-url.png</filename>
			<filename>images/down.png</filename>
			<filename>images/help.png</filename>
			<filename>images/info.png</filename>
			<filename>images/sh404SEF-logo.png</filename>
			<filename>images/sh404SEF-logo-big.png</filename>
			<filename>images/logs.png</filename>
			<filename>images/redirect.png</filename>
			<filename>images/up.png</filename>
			<filename>images/url.png</filename>
			<filename>images/index.html</filename>

			<folder>adapters</folder>
			<folder>assets</folder>
			<folder>classes</folder>
			<folder>controllers</folder>
			<folder>exceptions</folder>
			<folder>helpers</folder>
			<folder>lib</folder>
			<folder>models</folder>
			<folder>tables</folder>
			<folder>views</folder>
			<folder>modules</folder>
			<folder>plugins</folder>

			<filename>sh404seffactory.php</filename>
		</files>
		<languages folder="languages/admin">
		  <language tag="bg-BG">bg-BG.com_sh404sef.ini</language>
      <language tag="bg-BG">bg-BG.com_sh404sef.sys.ini</language>
      <language tag="bg-BG">bg-BG.mod_sh404sef_cpicon.ini</language>
      <language tag="de-DE">de-DE.com_sh404sef.ini</language>
      <language tag="de-DE">de-DE.com_sh404sef.sys.ini</language>
      <language tag="de-DE">de-DE.mod_sh404sef_cpicon.ini</language>
			<language tag="en-GB">en-GB.com_sh404sef.ini</language>
			<language tag="en-GB">en-GB.com_sh404sef.sys.ini</language>
			<language tag="en-GB">en-GB.com_sh404sef.joomsef.ini</language>
			<language tag="en-GB">en-GB.com_sh404sef.acesef.ini</language>
			<language tag="en-GB">en-GB.mod_sh404sef_cpicon.ini</language>
			<language tag="fr-FR">fr-FR.com_sh404sef.ini</language>
      <language tag="fr-FR">fr-FR.com_sh404sef.sys.ini</language>
      <language tag="fr-FR">fr-FR.mod_sh404sef_cpicon.ini</language>
      <language tag="hu-HU">hu-HU.com_sh404sef.ini</language>
      <language tag="hu-HU">hu-HU.com_sh404sef.sys.ini</language>
      <language tag="it-IT">it-IT.com_sh404sef.ini</language>
      <language tag="it-IT">it-IT.com_sh404sef.sys.ini</language>
      <language tag="nl-NL">nl-NL.com_sh404sef.ini</language>
      <language tag="nl-NL">nl-NL.com_sh404sef.sys.ini</language>
      <language tag="nl-NL">nl-NL.com_sh404sef.acesef.ini</language>
      <language tag="nl-NL">nl-NL.com_sh404sef.joomsef.ini</language>
      <language tag="nl-NL">nl-NL.mod_sh404sef_cpicon.ini</language>
			<language tag="ro-RO">ro-RO.com_sh404sef.ini</language>
			<language tag="ro-RO">ro-RO.com_sh404sef.sys.ini</language>
			<language tag="ro-RO">ro-RO.mod_sh404sef_cpicon.ini</language>
			<language tag="ru-RU">ru-RU.com_sh404sef.ini</language>
			<language tag="ru-RU">ru-RU.com_sh404sef.sys.ini</language>
			<language tag="ru-RU">ru-RU.mod_sh404sef_cpicon.ini</language>
			<language tag="es-ES">es-ES.com_sh404sef.ini</language>
			<language tag="es-ES">es-ES.com_sh404sef.sys.ini</language>
			<language tag="sv-SE">sv-SE.com_sh404sef.ini</language>
      <language tag="sv-SE">sv-SE.com_sh404sef.sys.ini</language>
      <language tag="sv-SE">sv-SE.com_sh404sef.joomsef.ini</language>
      <language tag="sv-SE">sv-SE.mod_sh404sef_cpicon.ini</language>
      
      <language tag="bg-BG">bg-BG.plg_sh404sefcore_sh404sefsocial.ini</language>
      <language tag="bg-BG">bg-BG.plg_sh404sefcore_sh404sefsocial.sys.ini</language>
      <language tag="de-DE">de-DE.plg_sh404sefcore_sh404sefsocial.ini</language>
      <language tag="de-DE">de-DE.plg_sh404sefcore_sh404sefsocial.sys.ini</language>
      <language tag="en-GB">en-GB.plg_sh404sefcore_sh404sefsocial.ini</language>
      <language tag="en-GB">en-GB.plg_sh404sefcore_sh404sefsocial.sys.ini</language>
      <language tag="fr-FR">fr-FR.plg_sh404sefcore_sh404sefsocial.ini</language>
      <language tag="fr-FR">fr-FR.plg_sh404sefcore_sh404sefsocial.sys.ini</language>
      <language tag="hu-HU">hu-HU.plg_sh404sefcore_sh404sefsocial.ini</language>
      <language tag="hu-HU">hu-HU.plg_sh404sefcore_sh404sefsocial.sys.ini</language>
      <language tag="it-IT">it-IT.plg_sh404sefcore_sh404sefsocial.ini</language>
      <language tag="it-IT">it-IT.plg_sh404sefcore_sh404sefsocial.sys.ini</language>
      <language tag="nl-NL">nl-NL.plg_sh404sefcore_sh404sefsocial.ini</language>
      <language tag="nl-NL">nl-NL.plg_sh404sefcore_sh404sefsocial.sys.ini</language>
      <language tag="ro-RO">ro-RO.plg_sh404sefcore_sh404sefsocial.ini</language>
      <language tag="ro-RO">ro-RO.plg_sh404sefcore_sh404sefsocial.sys.ini</language>
      <language tag="ru-RU">ru-RU.plg_sh404sefcore_sh404sefsocial.ini</language>
      <language tag="ru-RU">ru-RU.plg_sh404sefcore_sh404sefsocial.sys.ini</language>
      <language tag="es-ES">es-ES.plg_sh404sefcore_sh404sefsocial.ini</language>
      <language tag="es-ES">es-ES.plg_sh404sefcore_sh404sefsocial.sys.ini</language>
      <language tag="sv-SE">sv-SE.plg_sh404sefcore_sh404sefsocial.ini</language>
      <language tag="sv-SE">sv-SE.plg_sh404sefcore_sh404sefsocial.sys.ini</language>
    
		</languages>
	</administration>

<!-- Tables -->

  <tables>
    <table>#__sh404sef_urls</table>
    <table>#__sh404sef_metas</table>
    <table>#__sh404sef_aliases</table>
    <table>#__sh404sef_pageids</table>
  </tables>

</extension>
		